Agent_Id,first_name,Last_name,Gender,Client_Name,Type,Location
1,Susann ,Repp,Female,Qatar Airways,Corporate,FIN
2,Norman ,Cowl,Male,Deloitte,Corporate,MLT
3,Josh ,Bracken,Male,HSBC,Corporate,GAB
4,Ajay ,Kingswood,Female,Siemens,Corporate,IND
5,Ivett ,Grief,Female,Accenture,Corporate,MDV
6,Waldo ,Annice,Male,Amadeus,GDS,AGO
7,Lowrance ,Pomfrett,Male,Amadeus,GDS,MYS
8,Bald ,Arnald,Male,Sabre,GDS,STP
9,Jasen ,Webster,Male,Travelport,GDS,FIN
10,Perry ,Staff,Female,Sabre,GDS,KNA
11,Drusy ,Cleverly,Bigender,Travelport,GDS,ALB
12,Marrilee ,Craister,Female,Abacus,GDS,MOZ
13,Lesley ,Charter,Female,Abacus,GDS,VEN
14,Shena ,Jumont,Female,Pegasus,GDS,NOR
15,Gal ,Quayle,Male,Pegasus,GDS,NIC
16,Elvera ,Ambrozewicz,Female,Dnata,TA/TO,SDN
17,Olav ,Moyce,Male,Rayna,TA/TO,MOZ
18,Freedman ,Corpes,Male,HolidayMe,TA/TO,ATA
19,Dan ,Surmeyers,Male,Al Tayer Travel,TA/TO,LBN
20,Flory ,Bellon,Female,Musafir,TA/TO,THA
21,Candida ,Scutt,Female,Cleartrip ME,TA/TO,IMN
22,Chery ,Waiting,Female,Hotelbeds,TA/TO,ATF
23,Caritta ,Dacey,Female,TBO Holidays,TA/TO,CRI
24,Doe ,Kerwood,Female,Travco Group,TA/TO,LBY
25,Lanny ,Breazeall,Female,Thomas Cook,TA/TO,KIR
26,Ricardo ,Pentercost,Male,Thomas Cook,TA/TO,TZA
27,Vittorio ,Edmett,Polygender,Hotelbeds,TA/TO,NPL
28,Graeme ,Dicke,Male,Musafir,TA/TO,COL
29,Llewellyn ,O' Mulderrig,Male,Rayna,TA/TO,LTU
30,Dev ,Scales,Male,TBO Holidays,TA/TO,KWT
0,Nil,Nil,Nil,Nil,Self-Web,Nil
