id,first_name,last_name,gender,Age,Country
1,Land,Jessett,Male,31,OMN
2,Becca,Blazic,Female,61,GUY
3,Philippine,Dabinett,Female,75,ASM
4,Zeb,Blything,Others,51,DNK
5,Blithe,De Michetti,Female,41,LVA
6,Zane,Dewfall,Male,60,GRC
7,Ophelia,Lowle,Female,48,HRV
8,Gil,McLoughlin,Male,32,IRN
9,Melita,Reolfo,Female,66,MYS
10,Rinaldo,Scholfield,Male,62,SRB
11,Benedikta,Bremner,Female,70,ATA
12,Boycie,Derill,Male,63,GBR
13,Tiphani,Grutchfield,Female,56,ATA
14,Hetty,Swigg,Female,57,BWA
15,Monte,Barthram,Male,30,SWE
16,Hillary,Ivic,Male,27,MYT
17,Rheta,Bugge,Female,66,MEX
18,Marylinda,Kennady,Female,59,NAM
19,Heinrik,Nursey,Male,70,MKD
20,Penny,Izzatt,Others,26,IND
21,Dinnie,Tennock,Female,55,FIN
22,Drake,Paradis,Male,58,ABW
23,Bond,Napoleone,Others,18,NOR
24,Ynes,Kagan,Female,75,LCA
25,Andy,Hothersall,Male,43,MLI
26,Emmit,Cunniam,Male,54,JPN
27,Lance,Lamblot,Others,31,BWA
28,Wilhelm,Harvison,Male,68,DEU
29,Tarrance,Cannon,Male,49,ATF
30,Neall,Zellner,Others,36,NAM
31,Florentia,Hospital,Others,52,ROU
32,Robinson,Arendsen,Male,53,DJI
33,Nona,Idale,Female,26,ARE
34,Philly,Medhurst,Female,31,BGD
35,Stavro,Covert,Male,23,MAR
36,Rycca,Annatt,Female,42,TUN
37,Obie,Rentz,Male,54,LBY
38,Adaline,McLanachan,Female,74,NCL
39,Leonore,Wherrit,Female,47,SUR
40,Darn,Molfino,Male,48,CHL
41,Lorne,Simla,Male,61,JPN
42,Norrie,Lygo,Male,59,GLP
43,Annelise,Tolworth,Female,21,CAF
44,Nahum,Alexandre,Male,22,AUT
45,Forrester,Goulter,Others,54,QAT
46,Amby,Albers,Male,47,TMP
47,Ezmeralda,Asling,Female,27,GLP
48,Dominique,Nannoni,Female,71,HUN
49,Pancho,Filer,Male,35,GTM
50,Cristionna,Benjafield,Female,35,HUN
51,Bent,Skippen,Male,61,EGY
52,Roddy,Stearns,Male,18,CAF
53,Hayward,O'Lunny,Male,71,MYS
54,Sibby,Raftery,Female,40,GLP
55,Woodman,O'Gorman,Male,52,MDV
56,Barnebas,Rogeon,Male,46,FJI
57,Carmel,Bilfoot,Female,46,SAU
58,Johnnie,Kubasiewicz,Male,24,AIA
59,Vassili,Meanwell,Male,45,IDN
60,Selig,Farnan,Male,39,CAF
61,Heda,Braams,Female,36,MWI
62,Ricky,Hebborn,Female,55,LTU
63,Alberik,Minchin,Male,33,USA
64,Moyna,Dudson,Female,73,NOR
65,Giffy,Penson,Male,48,PAK
66,Jo ann,Gregan,Female,38,TJK
67,Helene,Beton,Others,65,GGY
68,Inez,Perot,Female,27,LTU
69,Joy,Lawrinson,Female,37,AZE
70,Gisela,Kennler,Female,40,MNE
71,Joshuah,Francais,Others,59,AUT
72,Agretha,Athelstan,Female,19,CYM
73,Leilah,Klaus,Female,24,DNK
74,Doris,Parkhouse,Female,62,PRY
75,Joanie,Doodney,Female,27,LUX
76,Clarinda,Boolsen,Female,48,ATF
77,Isidore,Yaldren,Male,29,EGY
78,Kip,Innocent,Male,27,NOR
79,Chan,Zini,Others,39,THA
80,Leigha,Gatsby,Female,49,MAR
81,Colette,Darrigone,Female,30,TUR
82,Craggy,Lambart,Male,60,NOR
83,Tabb,Scarse,Male,55,ZWE
84,Monte,Commander,Male,32,ZMB
85,Inez,Phillot,Female,27,PRY
86,Peirce,Peak,Male,40,BDI
87,Cairistiona,Houseman,Female,61,MNE
88,Kareem,Hymus,Male,29,UZB
89,Margareta,Yellowlee,Female,46,FRO
90,Chucho,Gary,Male,59,ESP
91,Sonja,Treverton,Female,33,UKR
92,Sal,Gritton,Male,75,MOZ
93,Luise,Drakes,Female,40,AZE
94,Colman,Davet,Male,21,CHN
95,Petronilla,Ulyatt,Female,31,GRC
96,Tonya,Kuhnwald,Female,68,LBN
97,Xerxes,Darth,Male,31,BOL
98,Kai,Myner,Female,74,ZMB
99,Hurleigh,Slatcher,Male,25,ZWE
100,Loretta,Spring,Female,36,AUT
101,Zoe,Fonteyne,Others,48,GAB
102,Marys,Mattiassi,Others,52,GAB
103,Ricki,Greenham,Female,19,ARG
104,Emlen,Tiler,Male,40,CRI
105,Arlana,Farquarson,Others,56,CYM
106,Bary,Gladyer,Male,31,SMR
107,Kenneth,Ewence,Male,38,LBN
108,Lilllie,Paoletti,Female,68,JEY
109,Evie,Itzkovsky,Female,52,MOZ
110,Javier,Beavis,Male,21,KWT
111,Jaimie,Marjanski,Others,18,SDN
112,Fannie,Ivashov,Others,66,QAT
113,Jason,Plaskitt,Male,65,LKA
114,Edythe,Strognell,Others,56,DMA
115,Eddi,Townend,Female,64,SLE
116,Sybyl,Mennithorp,Female,53,TWN
117,Forrester,Kindon,Male,37,MDG
118,Robbyn,Iscowitz,Female,26,CIV
119,Raymund,Newsham,Male,43,GUY
120,Torr,Kincade,Male,60,DNK
121,Eamon,Derisley,Male,21,STP
122,Aundrea,Swaton,Female,54,VEN
123,Brendis,Edmenson,Male,56,KEN
124,Ag,Gliddon,Female,46,NPL
125,Tory,Scud,Female,33,MLT
126,Justinian,Scheffler,Male,19,IRQ
127,Danyette,Boch,Female,61,BFA
128,Sanford,Howat,Others,31,PYF
129,Cornelle,Arnison,Others,21,CUB
130,Daisi,Elgram,Female,42,DOM
131,Evelina,Simmonite,Female,35,MEX
132,Felice,Bessett,Male,47,RUS
133,Alon,Stearley,Others,64,CHL
134,Gisele,Eneas,Female,75,BRA
135,Annissa,McKilroe,Female,38,AUT
136,Christian,Kettlestringe,Female,31,UKR
137,Carin,Carolan,Female,67,LBN
138,Gerianne,Fryatt,Female,57,ZWE
139,Kelcie,Brittan,Female,23,IND
140,Chris,Tejero,Female,75,BGD
141,Brynna,Wrenn,Female,67,ATF
142,Chrissie,Caveney,Male,54,MWI
143,Marlyn,Wallice,Female,75,SVK
144,Garland,Hebbes,Female,43,AUT
145,Gifford,Glassborow,Male,55,GUY
146,Marlena,Sirr,Female,58,SVN
147,Myrna,Todarello,Female,49,PAN
148,Claiborne,Ledner,Male,67,DOM
149,Alicia,Iacobini,Female,43,ZWE
150,Dmitri,Mc-Kerley,Male,42,ROU
151,Westley,Blaber,Male,53,GTM
152,Alan,McVeighty,Others,59,EGY
153,Hamnet,Pawlata,Male,30,NZL
154,Rosalyn,Gamett,Female,52,BGR
155,Ephraim,Cottage,Male,62,PER
156,Johan,Swatland,Male,50,KNA
157,Prentiss,Kemmons,Male,18,STP
158,Galvin,Mackilpatrick,Others,61,DJI
159,Francoise,Southey,Others,72,AIA
160,Bastian,Lardez,Male,18,STP
161,Martino,Borg,Male,29,FRA
162,Zeke,Callway,Male,49,BRB
163,Agosto,Banister,Male,18,NZL
164,Katharine,Coulbeck,Female,67,VNM
165,Claiborne,Skains,Male,41,AUT
166,Clevey,Cowern,Male,42,AUS
167,Ezequiel,Burkill,Others,29,CRI
168,Bradly,Lorence,Male,47,NIC
169,Reeta,Garmanson,Female,60,KHM
170,Mitchell,Bithell,Others,33,LTU
171,Worth,Brach,Male,38,PLW
172,Sharyl,Fumagallo,Female,19,MUS
173,Bastian,Studeart,Male,29,LBY
174,Valeda,Cator,Female,35,SAU
175,Rochette,Macveigh,Female,69,GBR
176,Lindsey,Pettman,Male,45,MYS
177,Cary,Scutchin,Male,18,GRC
178,Sharona,O'Deegan,Female,44,SYC
179,Torrin,Poundford,Male,35,CN
180,Garik,Whysall,Male,64,MYS
181,Kerby,Golde,Male,62,JOR
182,Hakim,Adlem,Male,54,NAM
183,Angelique,Gleave,Female,37,ITA
184,Pierson,Sextone,Others,26,BOL
185,Curt,Corkel,Male,26,AIA
186,Mary,Faich,Female,24,MMR
187,Maia,Bacher,Female,38,JAM
188,Davin,McKeand,Male,55,KEN
189,Sheilakathryn,Manktelow,Female,62,TWN
190,Jenica,Guidi,Female,22,GRC
191,Hillel,Kinmond,Male,69,DNK
192,El,Clitherow,Male,32,NIC
193,Carmine,Batteson,Male,37,ARE
194,Betteanne,Winscum,Female,67,IRN
195,Linnell,Andrick,Female,49,SDN
196,Matilde,Spriggin,Female,23,IND
197,Pearl,Corrington,Female,25,IRQ
198,Blisse,Jenkerson,Female,26,IRL
199,Gerrard,Barber,Male,23,AGO
200,Wilbur,Gaunson,Male,46,UGA
201,Chloris,Van Der Walt,Female,74,CAF
202,Elihu,Druery,Male,21,MYT
203,Jamison,Agent,Male,44,IMN
204,Erhart,Goodhall,Male,25,SVN
205,Xavier,Oldis,Male,56,JEY
206,Carver,Thorowgood,Male,42,VNM
207,Gherardo,Stocken,Male,66,SVK
208,Aile,Littrell,Female,60,GRC
209,Dennison,Carus,Male,61,KEN
210,Derrick,Flaws,Male,33,COM
211,Earlie,Malt,Male,50,CHL
212,Wendi,Wahncke,Female,59,MYS
213,Eddy,Cupper,Male,51,MNE
214,Elie,Venn,Female,34,GNB
215,Jeannie,Samwell,Female,22,AUT
216,Benoit,Hawthorn,Male,50,CHL
217,Haroun,Griswaite,Male,65,FIN
218,Vallie,Cardenas,Female,32,CZE
219,Martainn,Buckler,Male,57,GEO
220,Annmaria,Arnaud,Female,69,PRI
221,Tadd,Atkin,Male,36,ALB
222,Isidore,Ker,Male,38,ZWE
223,Lyndsie,Dungate,Female,29,ALB
224,Binnie,Moakler,Female,19,MDV
225,Farra,Elliott,Female,33,KWT
226,Stephannie,Halladey,Female,41,UKR
227,Velma,Minister,Female,33,SDN
228,Owen,Challice,Male,48,IRQ
229,Fairleigh,Ciobutaru,Male,49,MKD
230,Hy,Poulney,Male,24,LBN
231,Sigismondo,Tollet,Male,53,BGD
232,Norton,Geaveny,Male,68,TUN
233,Gawen,Warbys,Male,66,LBY
234,Bradney,Sultana,Male,60,ZMB
235,Terrence,Hedylstone,Male,47,ITA
236,Benedicto,Nitti,Male,57,KWT
237,Kora,Scarlan,Female,38,ROU
238,Bendicty,Windridge,Male,69,ISR
239,Antoni,Bliven,Male,59,ISL
240,Uri,Folshom,Male,62,ESP
241,Ailene,Elkington,Female,21,LBN
242,Tab,Shelborne,Male,73,LUX
243,Maridel,Stobart,Female,68,PLW
244,Gradey,Dacres,Male,29,KWT
245,Gratiana,Bispham,Female,71,LKA
246,Rowney,Mulford,Male,65,JOR
247,Felicity,Abele,Female,33,ROU
248,Devin,Cobelli,Male,22,LAO
249,Jarid,Attlee,Male,46,THA
250,Wat,Harrowsmith,Male,70,CIV
251,Tessi,Kleine,Female,59,UZB
252,Selby,Perell,Male,22,AZE
253,Elston,Leahair,Male,22,PYF
254,Wendie,Monnelly,Female,32,CAF
255,Tull,Whittier,Male,23,LAO
256,Claire,Hollier,Female,49,IRL
257,Jarrod,Mainland,Male,54,LBN
258,Linea,Ioan,Female,27,HRV
259,Else,Kittley,Female,34,MOZ
260,Louie,Brokenshaw,Male,19,DMA
261,Thorsten,Peele,Male,22,NOR
262,Wain,Asker,Male,43,PHL
263,Seumas,Gerault,Male,19,EGY
264,Rosabella,Knolles-Green,Female,19,KEN
265,Richy,McGaughay,Male,73,IMN
266,Franni,Deathridge,Female,58,SMR
267,Drud,Bousfield,Male,49,MUS
268,Danita,Snipe,Female,61,SMR
269,Noni,MacCracken,Others,66,CYM
270,Reginald,Limer,Male,24,BRB
271,Kris,Castellini,Male,72,DEU
272,Stevy,Tallon,Male,70,DEU
273,Libbey,Chipping,Female,70,EST
274,Zara,Savaage,Others,33,MMR
275,Maurene,Weiner,Others,31,FJI
276,Carma,Carleman,Female,50,BFA
277,Giselbert,Elsley,Male,27,BRB
278,Karylin,McIlwaine,Female,36,DEU
279,Adorne,Skally,Female,60,NLD
280,Tiffany,Steadman,Female,40,SDN
281,Carmon,Antonognoli,Female,64,PRI
282,Roselin,Mahood,Female,30,NGA
283,Holli,La Rosa,Others,28,CYM
284,Griselda,Dumpleton,Others,38,MRT
285,Edwina,Emberton,Female,54,ESP
286,Berget,Normavill,Female,62,HUN
287,Burk,Buxsey,Male,58,BRB
288,Margaux,Brabon,Female,43,VNM
289,Derwin,Bousfield,Male,66,LKA
290,Ashbey,Odams,Male,37,HKG
291,Jilleen,Tant,Female,60,IRQ
292,Eddie,Morat,Female,57,SWE
293,Granny,Mellers,Male,43,ROU
294,Willem,Cosins,Male,62,UKR
295,Larina,Folshom,Female,68,BEN
296,Marlin,Boyce,Male,41,IND
297,Myca,MacKinnon,Male,52,NZL
298,Freeland,Burnage,Male,25,ALB
299,Emmie,Bain,Female,53,ZAF
300,Freddy,Hattersley,Others,40,IND
301,Patrick,Ninnotti,Male,68,PRY
302,Si,Doeg,Male,24,AUS
303,Emmett,Tumayan,Others,19,CUB
304,Jorey,Heathwood,Female,57,GUY
305,Heather,Folks,Female,38,GRC
306,Ichabod,Castro,Male,26,TWN
307,Moses,Cassley,Others,54,AGO
308,Arlin,Rapley,Others,72,VNM
309,Nicolas,Houseley,Male,72,CHE
310,Harbert,Million,Male,57,KAZ
311,Emery,Mallinar,Male,28,AUS
312,Juliette,McElrea,Female,31,SVN
313,Rakel,O'Kerin,Others,37,ESP
314,Berna,Petronis,Female,64,TJK
315,Gerianne,Camilleri,Female,26,BRB
316,Yehudi,Destouche,Male,73,KWT
317,Allina,Poller,Female,37,TWN
318,Albie,Robinette,Others,34,SLE
319,Ancell,Allatt,Male,48,TZA
320,Fanya,Canto,Female,51,DJI
321,Torrin,Dansey,Male,70,MDV
322,Karly,Yurchishin,Female,20,URY
323,Honey,Flegg,Others,66,TGO
324,Tiphanie,Eliasen,Female,67,USA
325,Harlen,O'Kenny,Male,32,PRI
326,Adrian,Segebrecht,Female,61,PRY
327,Mycah,Bolding,Male,48,ARG
328,Josselyn,Sollars,Female,23,AUS
329,Sorcha,Chill,Female,65,SYR
330,Westleigh,Baert,Male,41,FRO
331,Dylan,Durn,Male,62,SUR
332,Fred,Speeks,Female,31,PRI
333,Wilhelmina,Bonhill,Female,49,EGY
334,Fidole,Leythley,Others,52,LBN
335,Ronald,Clows,Male,40,NCL
336,Kari,Bleasdale,Female,33,NAM
337,Giovanna,DelaField,Female,24,CYP
338,Lek,Royson,Male,64,UMI
339,Dorolice,Egdale,Female,75,SEN
340,Rourke,Feasey,Male,66,BGD
341,Milty,Milthorpe,Male,22,BIH
342,Emmit,Adamkiewicz,Male,44,KAZ
343,Berty,Churchouse,Female,22,MNE
344,Kissiah,Wybron,Female,45,AUT
345,Odie,Karlicek,Others,36,AUS
346,Ray,Maybury,Male,55,UKR
347,Brandie,De la Zenne,Others,32,PYF
348,Elsinore,MacPeake,Female,37,PRT
349,Any,Mulvy,Male,72,LAO
350,Nedda,Logue,Female,60,SVN
351,Charmain,Klimes,Female,56,UGA
352,Timmie,Clendinning,Female,29,BEN
353,Hester,Galiford,Others,53,FJI
354,Janek,Reck,Male,64,BHS
355,Bart,Colton,Male,54,ISL
356,Byron,Towsey,Male,39,CZE
357,Bridget,Churchyard,Others,18,ZAF
358,Alan,Molan,Male,23,IND
359,Rosana,Sizeland,Female,29,KNA
360,Mina,Hew,Female,22,NGA
361,Agna,Rahlof,Female,19,GLP
362,Gretal,Dench,Others,60,BHR
363,Brien,Keeting,Male,49,FJI
364,Giselbert,Artiss,Male,26,LIE
365,Nicol,Parham,Female,31,GLP
366,Eden,Singers,Others,19,MCO
367,Wayland,Ebbin,Male,42,FRO
368,Rowney,Braddock,Male,62,TWN
369,Aldwin,Olyff,Male,71,ESP
370,Willie,Senett,Male,22,BIH
371,Lannie,Andreotti,Male,29,TUN
372,Karlotte,Knewstubb,Female,49,RUS
373,Lazarus,Stallibrass,Male,38,QAT
374,Olympia,Greenhill,Female,54,IRN
375,Adi,Poundford,Others,48,ARE
376,Millicent,Noweak,Others,50,POL
377,Franklin,Withnall,Male,67,CHE
378,Bobbie,Rollingson,Female,43,URY
379,Laverne,Savin,Female,36,RWA
380,Bern,Eudall,Male,42,CIV
381,Carmen,Geary,Female,74,CHE
382,Dallis,Lockey,Male,53,CAF
383,Mona,Woodford,Female,30,MAC
384,Carree,Fawson,Female,63,PYF
385,Hilde,Couper,Female,60,MAR
386,Timotheus,Narraway,Male,50,AND
387,Felice,Espine,Male,70,IDN
388,Arlan,Gyppes,Male,41,MOZ
389,Waylan,Pezey,Male,57,ISR
390,Arlyn,D'orsay,Female,66,GLP
391,Drusie,Mariel,Female,52,AIA
392,Oneida,Dinneen,Female,55,ESP
393,Corbin,Breen,Male,29,UKR
394,Mychal,Pass,Male,74,ABW
395,Minnnie,Lowfill,Others,37,PRY
396,Lee,Aggett,Female,18,DJI
397,Katie,Spurritt,Female,50,IRQ
398,Casie,Isted,Female,26,IRN
399,Sumner,Mival,Male,38,SAU
400,Pearla,Cow,Others,26,SMR
401,Jemmy,Filipczak,Female,43,ROU
402,Sheena,Gilffillan,Female,43,LBY
403,Annmaria,Alldis,Female,48,MOZ
404,Melissa,Van Vuuren,Female,28,UMI
405,Shayla,Lyddiard,Female,52,NCL
406,Alberik,Laste,Male,18,PAN
407,Blythe,Lye,Female,35,NZL
408,Benni,Frick,Female,68,JEY
409,Noami,Ainger,Female,43,MRT
410,Livvie,Mortell,Female,54,NAM
411,Sammie,Jory,Others,42,ETH
412,Callie,Melloy,Female,72,GIB
413,Petronilla,Rekes,Female,40,LAO
414,Kermit,Longina,Male,24,MAR
415,Cherise,Cattenach,Female,48,SEN
416,Jo-anne,Stoddard,Female,64,DEU
417,Garold,Bittlestone,Male,21,SUR
418,Lauretta,Nayshe,Female,64,KHM
419,Ali,Philps,Female,27,BDI
420,Aimee,Kynder,Others,74,PHL
421,Karlene,Farfull,Female,20,TZA
422,Bernadine,Goade,Female,25,KNA
423,Marilyn,Vigietti,Female,31,GBR
424,Berry,Janatka,Female,37,MUS
425,Zarla,Duns,Female,71,USA
426,Aidan,Dougal,Female,62,STP
427,Kris,Brettor,Male,58,HKG
428,Chrysa,Wolfenden,Female,32,GAB
429,Joby,Dobinson,Female,52,MYT
430,Saleem,Oliphand,Male,71,HND
431,Kamillah,Baldin,Female,66,TWN
432,Maddy,Whyke,Male,64,ZMB
433,Corbin,Crocker,Male,74,MKD
434,Roselia,Alvaro,Female,40,AZE
435,Jeremy,Rubbens,Male,72,LUX
436,Kaspar,Cornelius,Male,69,GRC
437,Tiffie,Bernier,Female,41,GGY
438,Gilberte,Pee,Female,46,TUR
439,Hogan,Waterworth,Male,28,CZE
440,Barbara-anne,Clynman,Female,29,GRC
441,Faustine,Arnecke,Female,25,CZE
442,Hinze,Rawll,Male,21,ROU
443,Lindy,Savil,Male,32,GRC
444,Freeman,Flewan,Male,56,GIB
445,Freida,Naire,Female,62,IRL
446,Lothario,Casbolt,Male,45,NGA
447,Beau,Adamski,Male,26,CIV
448,Hilliard,MacCaffery,Male,47,KOR
449,Lucy,Lamblot,Female,20,STP
450,Essie,Kitchinham,Female,75,ARG
451,Derrik,Pawelec,Male,57,MDG
452,Hans,Bowness,Male,58,DJI
453,Madella,Shrimpling,Female,74,QAT
454,Ferdy,Beausang,Male,21,ROU
455,Tadd,Pidgeley,Male,36,SUR
456,Gerrilee,Popham,Female,54,MUS
457,Amabelle,Trillo,Female,56,CHE
458,Devland,Gainsboro,Male,64,USA
459,Caresa,Paylie,Female,41,CYM
460,Wat,Nan Carrow,Male,56,GRC
461,Lorena,McKilroe,Female,58,PRY
462,Joell,Varran,Female,23,ROU
463,Stern,Clynmans,Male,57,TUR
464,Rudie,Marishenko,Male,32,KOR
465,Reggis,Scholl,Male,21,ATF
466,Ardyth,Pietersen,Others,51,MNE
467,Timotheus,Slarke,Male,30,RWA
468,Gertrude,Surmeir,Female,55,NCL
469,Carena,Burnsell,Others,18,LBN
470,Brianne,Andrzejewski,Female,51,KIR
471,Verene,Farbrace,Female,24,ASM
472,Bette-ann,Rampling,Female,29,LUX
473,Shoshana,Trassler,Female,73,SLV
474,Emmerich,Paireman,Male,28,ARE
475,Ely,Teodoro,Male,32,CZE
476,Loy,Camamill,Male,28,PYF
477,Godfry,O'Heyne,Male,45,SMR
478,Delmar,Queste,Male,47,MWI
479,Kelby,Baudrey,Male,34,ESP
480,Burr,Toynbee,Male,68,SWE
481,Bella,Gallandre,Others,22,SLV
482,Gina,Madgewick,Female,37,MMR
483,Joelynn,Blencowe,Female,64,LCA
484,Hillary,Gossington,Female,59,GRC
485,Ephrayim,Ludovici,Male,64,KAZ
486,Khalil,O'Malley,Male,64,SVK
487,Norbert,Dabes,Male,19,SLV
488,Christel,Cliff,Female,32,MNE
489,Onida,Fellgett,Female,49,CHN
490,Grove,Culshew,Male,61,GHA
491,Nicholas,Embury,Male,36,ECU
492,Blinni,Fordy,Female,35,TMP
493,Mignon,Confort,Female,32,IMN
494,Lane,Pennycook,Female,48,MKD
495,Suzanna,Yeude,Female,69,SGP
496,Marlee,Station,Female,57,GLP
497,Andonis,Erlam,Others,66,GGY
498,Wilfred,Duncklee,Male,70,GBR
499,Lazaro,Cork,Male,53,MYT
500,Ida,Delacour,Female,43,PRI
501,Coretta,Tregent,Female,53,SMR
502,Tobe,Muzzlewhite,Male,71,RWA
503,Odetta,Poad,Female,24,BOL
504,Nappie,Lyon,Others,20,MDV
505,Natalee,Rubinivitz,Others,39,KHM
506,Gabriella,Lewton,Others,52,ATF
507,Kayne,McGready,Male,63,TGO
508,Otes,Fleckno,Male,52,SEN
509,Izzy,Seagood,Male,60,SWE
510,Corella,Brugger,Female,48,BGD
511,Olivero,Skeel,Male,46,CUB
512,Tomasina,Patershall,Female,57,DMA
513,Simmonds,Dummer,Male,26,IND
514,Lynnea,Lambarton,Female,32,BEN
515,Lana,Kidds,Female,29,MCO
516,Luce,Sebrook,Female,28,MOZ
517,Hugo,Van den Hof,Male,57,UKR
518,Bob,Standring,Male,68,BDI
519,Patin,Romeuf,Male,74,CPV
520,Rolfe,Sandever,Male,20,MLI
521,Tonnie,Kerrod,Male,60,GTM
522,Carmine,Spoor,Others,69,ITA
523,Whitman,McGowing,Male,71,KIR
524,Brenden,Kittredge,Male,56,NIC
525,Tedi,Thaim,Female,66,TWN
526,Freda,Buswell,Others,43,ISR
527,Margarita,Gullberg,Female,36,NLD
528,Lewiss,Gagan,Male,72,JOR
529,Burl,Snedker,Others,60,TMP
530,Auberta,Ferneyhough,Female,75,SLE
531,Janey,Arsey,Female,66,SVK
532,Jerome,Blazevic,Male,20,LKA
533,Meggie,Wallworth,Female,50,JOR
534,Ileana,Fogel,Others,57,MDV
535,Germain,Appleyard,Male,48,COM
536,Gayler,Fronzek,Male,20,MAC
537,Hashim,Swigger,Male,69,BEN
538,Enrique,Mulligan,Male,61,VEN
539,Isabella,Phillpotts,Female,23,HRV
540,Conny,MacCague,Male,35,CHE
541,Rooney,Hannah,Male,72,JPN
542,Raven,Crambie,Female,19,THA
543,Trevor,Pargetter,Male,38,GUY
544,Shandie,Halbert,Others,73,UMI
545,Joly,Fearick,Female,44,MOZ
546,Madeleine,Saltrese,Others,35,CHE
547,Ev,Raittie,Male,44,GUY
548,Victoir,Davydochkin,Male,21,JOR
549,Kyle,Dumbar,Male,45,BEN
550,Rhys,Hanwright,Others,40,LTU
551,Lee,Vallender,Male,54,ITA
552,Barb,Cowthard,Female,44,GRC
553,Vincenz,Skechley,Male,35,NOR
554,Sally,Jordanson,Female,66,BOL
555,Alexandro,Brannon,Male,21,ROU
556,Lavinia,McGhie,Female,52,SLV
557,Tomasine,Liverock,Female,59,FRO
558,Balduin,Vickerstaff,Male,39,BHR
559,Norry,Huddles,Others,67,SUR
560,Maitilde,Beeckx,Female,52,CRI
561,Kristos,Stilling,Male,27,SWE
562,Quinta,Renshaw,Female,19,JAM
563,Zeke,Anchor,Male,37,DOM
564,Kristoforo,Baude,Others,67,TZA
565,Nelle,Nern,Others,60,GIB
566,Adah,Yair,Female,28,ATA
567,Wilone,Philpin,Female,32,DEU
568,Damon,Caddens,Others,33,BRB
569,Averyl,Andrzejowski,Female,66,PRI
570,Caye,Tassell,Female,47,HUN
571,Georgina,MacKaig,Female,58,CN
572,Sigmund,Bindin,Others,39,LAO
573,Penni,Piggot,Female,69,GLP
574,Whitman,Slowly,Male,48,ROU
575,Yale,Bresland,Male,66,GGY
576,Reilly,McMurdo,Male,59,ROU
577,Billi,Unwins,Female,53,GIB
578,Brooke,Henrichsen,Female,39,ETH
579,Benjamin,Zwicker,Others,44,PAK
580,Matthaeus,Arkil,Male,42,CYM
581,Rosy,Wiltshaw,Female,71,ISR
582,Wilbert,Piper,Male,54,DOM
583,Quincy,Legrice,Male,61,TMP
584,Roi,Willas,Others,67,MAR
585,Milzie,Pally,Female,51,HND
586,Maximilien,Bollon,Others,48,CHE
587,Annadiane,Braganza,Others,54,KEN
588,Paul,Linnitt,Male,62,HND
589,Larry,Sotheby,Male,71,MAC
590,Skye,Knevet,Male,21,PAK
591,Ellyn,Wise,Female,65,SRB
592,Stearn,Poyle,Male,20,CZE
593,Demetri,Stonhewer,Male,71,TMP
594,Antons,Garretts,Male,48,CYP
595,Ernie,Sloam,Male,57,TJK
596,Wrennie,Chevins,Female,33,TGO
597,Barrie,Hillhouse,Male,47,MRT
598,Mose,Losselyong,Male,19,BWA
599,Wilmer,Tremblett,Male,64,MNE
600,Jon,Leheude,Others,40,SMR
601,Margot,Lochet,Female,35,STP
602,Lombard,Dolden,Male,43,HUN
603,Chiquita,Kiffin,Female,36,POL
604,Deidre,Lere,Female,47,TMP
605,Padriac,Fairbank,Male,67,HUN
606,Adara,McLaren,Female,64,TWN
607,Jo,Clowney,Female,41,FIN
608,Gannon,Mewburn,Male,21,MDG
609,Ilyssa,Beagrie,Female,75,KWT
610,Lindon,Meates,Male,46,PRI
611,Elwin,Marshman,Male,37,KOR
612,Titus,Perkins,Male,28,NLD
613,Enrica,Sweedland,Female,59,GRC
614,Staffard,Mechell,Male,28,JOR
615,Lenci,Mazella,Male,62,UZB
616,Caspar,Bezant,Male,69,SVK
617,Scarface,Macro,Male,42,ATA
618,Jemie,Tooley,Female,69,JPN
619,Hugues,Josum,Male,56,ARE
620,Thomasin,Bowness,Female,53,LKA
621,Davin,Abrashkin,Male,69,DEU
622,Rourke,Auty,Male,27,AIA
623,Mort,Mulqueeny,Male,67,SEN
624,Joell,Hathaway,Female,32,BRB
625,Rogerio,Pasmore,Male,61,PYF
626,Julianna,Paniman,Female,68,LUX
627,Gherardo,Trotton,Male,20,MDG
628,Theo,Lago,Male,57,RUS
629,Skip,Fliege,Male,36,LAO
630,Charita,Farnin,Female,51,KWT
631,Richmond,Macellar,Male,46,KWT
632,Frieda,Lygoe,Female,73,SYR
633,Maribeth,Meriel,Others,51,CUB
634,Kort,Chantrell,Male,28,LBN
635,Wally,Butterick,Female,37,LVA
636,Romonda,Insoll,Female,23,SEN
637,Aeriel,Mancer,Female,24,IRQ
638,Joya,Blees,Female,26,COL
639,Rossy,Bourton,Male,49,BGD
640,Myles,Siret,Male,75,VNM
641,Corrine,Gerger,Others,45,HKG
642,Tierney,Ciciari,Female,27,SDN
643,Bettye,Patershall,Female,38,PRT
644,Wendell,Pole,Male,59,UZB
645,Nelie,Baine,Female,45,CUB
646,Abigail,Cruddace,Female,63,JAM
647,Travis,Perford,Male,26,ATA
648,Daron,Sidry,Male,66,MAC
649,Ky,Gillmor,Male,64,FRO
650,Launce,Norval,Male,53,ZMB
651,Zacharie,Le Gallo,Male,28,BWA
652,Farrell,McKeney,Male,21,IMN
653,Clem,Abrahm,Male,67,BFA
654,Toinette,Stanbra,Female,62,CZE
655,Omar,Friedlos,Male,58,NCL
656,Darsey,Yeend,Female,58,UMI
657,Mort,Riveles,Male,56,MYS
658,Aldus,Reolfi,Male,54,ASM
659,Urson,Kingerby,Male,55,GRC
660,Hamish,Raubenheimers,Male,38,BOL
661,Abigael,Bust,Female,63,ECU
662,Twyla,Klejin,Female,19,MOZ
663,Bald,Chard,Male,73,SGP
664,Cobb,Livett,Male,48,JEY
665,Mitchell,Denzilow,Male,35,IRL
666,Catherine,Muro,Female,24,SGP
667,Axe,Frankes,Male,68,SWE
668,Kathleen,Cosgrive,Female,44,BFA
669,Burton,Bonsall,Male,47,TWN
670,Abe,Januszewski,Male,72,VEN
671,Aubrey,Spilsburie,Male,23,LIE
672,Artie,Maddern,Male,20,BDI
673,Glenden,Lachaize,Others,43,ROU
674,Lotta,Gayle,Female,67,BLR
675,Niki,D'Aguanno,Female,55,CN
676,Selle,Gerson,Others,68,PHL
677,Georgette,Saxton,Female,47,MAC
678,Burke,Jeanequin,Male,59,RWA
679,Thacher,Cisland,Male,35,SYR
680,Vinny,Dougal,Female,47,LIE
681,Ibby,Torpie,Female,55,GRC
682,Cary,Bollini,Female,69,LCA
683,Chaunce,Walhedd,Male,71,DJI
684,Justus,Wibrew,Others,45,KWT
685,Gregorius,Stot,Male,22,UKR
686,Morganne,Haswell,Female,53,SRB
687,Cass,Scutching,Male,27,LCA
688,Karlotte,Trodd,Female,33,BRA
689,Bernardine,Kirkham,Female,50,MAC
690,Shandee,Plimmer,Female,28,THA
691,Mignonne,Walwood,Female,56,MLI
692,Noel,Daouse,Male,46,CYP
693,Coletta,Karlik,Female,72,EST
694,Claiborne,Dedrick,Male,37,UKR
695,Cord,McDoual,Male,54,BRA
696,Tiffy,Koschek,Female,60,SWE
697,Torr,Annwyl,Male,56,SDN
698,Lana,Elles,Female,58,GRC
699,Margareta,Pauling,Others,62,LBN
700,Hersch,Pendergrast,Male,57,NOR
701,Wolfie,Sherebrook,Male,42,MNE
702,Zaria,Felgat,Female,64,BEN
703,Saundra,Phettis,Female,36,ETH
704,Silvan,Lewisham,Others,70,JAM
705,Shermy,Landells,Male,32,ESP
706,Vivie,Syne,Female,18,IMN
707,Jeanna,Raddish,Female,32,AUT
708,Deni,Bridywater,Female,57,ROU
709,Alden,McNamara,Male,30,MRT
710,Cherye,Weems,Female,44,TWN
711,Tallie,Strachan,Female,48,SWE
712,Georgina,Angless,Female,47,UGA
713,Falkner,Georgiades,Male,51,RWA
714,Muhammad,Budik,Male,58,GGY
715,Tremain,Poppleston,Male,41,BIH
716,Lindy,Pieche,Male,44,ROU
717,Kelly,Dyble,Female,21,MLI
718,Dukey,Ballantine,Male,54,NPL
719,Sheila,Casier,Female,74,IND
720,Maiga,Glabach,Female,57,EST
721,Coretta,Sebastian,Female,57,CYM
722,Fawne,Estcot,Female,52,ISL
723,Beck,Kirkbright,Male,42,NOR
724,Ettie,Bullick,Female,71,LVA
725,Elora,Olivey,Female,26,CYM
726,Sheilah,Matchett,Others,56,SDN
727,Amelina,Zieme,Female,68,MWI
728,Hendrika,Buard,Female,70,ECU
729,Helene,Lanaway,Female,32,LVA
730,Garald,Creedland,Male,48,BLR
731,Adelheid,Glidden,Female,61,ARM
732,Rorie,Bewlay,Female,55,HRV
733,Dudley,Daffern,Others,68,IRQ
734,Maximilianus,Basili,Male,22,BGD
735,Brantley,Toupe,Male,26,BGR
736,Hakim,Shillington,Male,73,VNM
737,Sutton,Matthisson,Others,18,JAM
738,Wynn,Tackell,Male,43,MLT
739,Merilyn,Jeaycock,Female,64,THA
740,Kit,Hames,Male,65,BGR
741,Minnaminnie,Gregori,Female,34,ZWE
742,Moishe,Cassin,Male,31,ESP
743,Fremont,Lope,Male,55,CPV
744,Revkah,Dunster,Female,30,AUT
745,Ann-marie,Cashford,Female,18,NGA
746,Maddi,Dils,Female,39,USA
747,Nissy,Japp,Female,38,LBN
748,Dew,Alpin,Male,64,MEX
749,Shaw,Catherall,Male,23,MRT
750,Basilio,Wiggett,Male,70,GUY
751,Calla,Sibthorp,Female,24,UMI
752,Eveline,Volkes,Female,57,MAR
753,Brendin,McCurtain,Male,30,MOZ
754,Pate,Gadson,Male,21,VGB
755,Schuyler,Purdey,Male,34,NOR
756,Caresse,Ricca,Female,47,TGO
757,Antoni,Spencley,Male,23,SWE
758,Wilfred,Trever,Male,22,GIB
759,Stacia,Kinvig,Female,74,SEN
760,Esmaria,Segrave,Female,61,TMP
761,Tynan,Chitson,Male,25,OMN
762,Ashlee,Camillo,Female,58,LTU
763,Yalonda,Tadman,Female,54,VGB
764,Leonard,Kydd,Male,26,ISL
765,Cathrin,Kos,Female,34,ARE
766,Curcio,Hallett,Male,41,GAB
767,Barde,Storrs,Male,49,BRA
768,Felic,Dufaur,Male,23,KIR
769,Roseanna,Legging,Female,58,BEN
770,Pippy,Marrington,Others,53,MEX
771,Rozella,Trevenu,Female,44,SWE
772,Thadeus,Fellow,Male,20,FIN
773,Willi,Bess,Male,48,TGO
774,Sansone,Andreaccio,Male,70,PRI
775,Cordell,Levene,Others,51,PAK
776,Julio,Dandy,Male,28,UGA
777,Sebastian,Chmiel,Male,68,ECU
778,Gweneth,Trangmar,Female,33,MNE
779,Micaela,Wooddisse,Female,36,VGB
780,Jaquenetta,Brilon,Female,56,IDN
781,Karolina,Clemente,Female,59,JEY
782,Sammy,Kivelhan,Male,58,BEL
783,Hilary,Kauschke,Female,21,DOM
784,Liva,Clackson,Female,24,BGR
785,Marc,Clemenzi,Male,57,BOL
786,Jacki,Prestner,Female,49,CYM
787,Galvan,Dowsey,Male,22,PRI
788,Nefen,Leeburn,Male,56,GBR
789,Ilaire,Lober,Male,38,CYM
790,Colleen,Tetlow,Female,49,AZE
791,Orran,Gauvain,Male,22,SUR
792,Farlie,Wythill,Male,35,IDN
793,Chucho,Climar,Male,42,KHM
794,Auroora,Conrad,Female,48,ECU
795,Kingston,Rowaszkiewicz,Male,48,HND
796,Bud,Reynolds,Male,27,BEN
797,Jacquelyn,Pattemore,Others,71,KIR
798,Cele,Lockless,Female,38,ARE
799,Loreen,Gritton,Female,63,TWN
800,Whitney,Roof,Female,71,SGP
801,Murial,Paulucci,Female,49,HND
802,Silas,Clutton,Others,39,FRA
803,Ruthie,De Carlo,Others,27,NGA
804,Adan,Lyver,Others,58,ETH
805,Lyssa,Akast,Female,18,USA
806,Alfie,Trencher,Others,49,BHR
807,Killie,Matthiae,Male,25,GRC
808,Minni,Bewlie,Female,48,ISL
809,Tammy,Sutherington,Female,72,GHA
810,Grata,Sturr,Female,21,LCA
811,Duky,Burras,Male,65,QAT
812,Quincey,Ganford,Others,22,LVA
813,Shelden,Hawes,Male,19,BRA
814,Hal,Bollard,Others,71,SGP
815,Edyth,Eastham,Female,62,PHL
816,Cornelius,Sproson,Male,34,LCA
817,Clem,Gregor,Male,49,CMR
818,Algernon,Simioli,Male,73,GBR
819,Benson,Bradmore,Male,58,JAM
820,Siusan,Denys,Female,63,POL
821,Halimeda,Cobbin,Others,24,SLE
822,Myrvyn,Vinck,Male,49,UKR
823,Tedda,Pendleton,Female,31,GRC
824,Bartholomeus,Geldert,Male,64,MAC
825,Lexie,Dyte,Female,56,USA
826,Janeva,Crocombe,Female,35,KEN
827,Hobard,McBrearty,Male,32,CIV
828,Aurlie,O'Doghesty,Female,51,IMN
829,Alexina,Sussans,Female,20,NGA
830,Land,Cherry,Male,53,MOZ
831,Odilia,de Werk,Female,45,SVN
832,Grady,Tidman,Male,54,UZB
833,Shelia,Velti,Female,62,CZE
834,Olin,Kurten,Male,30,TGO
835,Slade,Pardew,Male,70,BIH
836,Giovanna,Grebner,Female,28,CIV
837,Reinwald,Ramsey,Male,41,IRQ
838,Billye,Frantzen,Female,31,MAC
839,Agnes,Empringham,Female,26,MLT
840,Lari,Sawyers,Female,74,LAO
841,Templeton,Klaussen,Male,39,SWE
842,Gael,Labrom,Male,65,BDI
843,Mamie,Kershaw,Female,66,LCA
844,Reed,Chennells,Male,64,DEU
845,Elfrieda,Balleine,Female,45,JEY
846,Bradford,Copper,Male,26,CZE
847,Bobbi,Alberti,Female,24,CPV
848,Cari,De Ambrosis,Female,72,MLI
849,Filberte,Kumaar,Male,25,ITA
850,Marney,Bent,Female,53,QAT
851,Pamelina,Petkov,Female,31,NAM
852,Millie,Goundrill,Female,48,HKG
853,Annabela,Fontenot,Female,39,MLT
854,Cornela,Ladbury,Female,21,RWA
855,Jolyn,Fereday,Others,44,LBY
856,Rodney,Bellfield,Male,56,MKD
857,Hyatt,Gonning,Male,74,ZAF
858,Jerome,O'Brogane,Male,49,NIC
859,Kimberlyn,Arnli,Female,67,GGY
860,Hamel,Grob,Male,34,TJK
861,Marvin,Richten,Male,50,BDI
862,Tamiko,Steljes,Female,26,CMR
863,Tann,Augie,Male,40,KNA
864,Harman,Stubbington,Male,60,USA
865,Ban,Caulket,Male,54,IRQ
866,Felicia,Assante,Female,37,ARM
867,Loy,Peakman,Male,36,CYP
868,Lorne,Tyreman,Male,71,MMR
869,Stacia,Mounch,Female,37,COM
870,Anabel,Ludewig,Female,30,TGO
871,Fabian,Leake,Male,40,MKD
872,Vonnie,Radsdale,Female,21,UGA
873,Cordi,Cason,Female,65,JAM
874,Gertie,Govenlock,Female,47,GUY
875,Mano,Bernardinelli,Male,21,GNB
876,Esmaria,Eddy,Others,70,QAT
877,Albertine,Meiningen,Female,27,SLE
878,Damiano,Caunter,Male,40,NPL
879,Salomo,Roistone,Male,58,SVN
880,Odilia,Fullylove,Female,67,FIN
881,Shanda,Tilley,Female,22,KHM
882,Nikola,Congrave,Male,38,BGD
883,Albertine,Pudsall,Female,32,DMA
884,Henrie,Chipps,Female,49,PYF
885,Lombard,Cosker,Male,59,FRA
886,Bernadine,Pettman,Female,28,BGD
887,Joly,Bathersby,Female,43,MUS
888,Marthena,Baumaier,Female,48,IRQ
889,Kelsi,Kingsman,Others,46,IND
890,Elsie,Haffenden,Female,21,DJI
891,Gilly,Jenk,Female,59,CN
892,Claudianus,Noseworthy,Male,65,ALB
893,Ozzy,Norris,Male,62,CYP
894,Lark,MacDaid,Female,75,MAC
895,Alford,Sprouls,Male,72,ISL
896,Clara,Flower,Female,35,ATF
897,Charmine,Kyne,Female,33,QAT
898,Brok,Huson,Male,57,UMI
899,Rockwell,Hefner,Others,50,KOR
900,Costa,Village,Male,51,SUR
901,Reginauld,Lampaert,Male,26,BHS
902,Glenda,Otteridge,Female,72,SDN
903,Merrill,Kitchaside,Male,68,TUR
904,Salomon,Van der Linde,Male,57,VEN
905,James,Cottill,Male,30,CHL
906,Luis,Blethyn,Male,21,ESP
907,Jeramie,Coper,Others,32,CHN
908,Drud,Fyndon,Male,37,FRA
909,Edgard,Watkinson,Male,46,GIB
910,Elie,Toderbrugge,Female,27,ATA
911,Marketa,Lisciandri,Female,39,CMR
912,Burch,Burchett,Male,74,FRA
913,Dru,Hassin,Male,72,MEX
914,Byrann,Spowart,Others,51,KOR
915,Wandis,Moncrieffe,Female,65,TWN
916,Jeana,Attril,Female,33,DZA
917,Lida,Clac,Female,28,BRB
918,Toby,Celier,Male,31,BRA
919,Reinaldos,Byron,Male,51,PRY
920,Joelly,Cartmell,Female,19,GUY
921,Hilarius,Stapford,Male,49,MEX
922,Dasie,Dashper,Others,53,GEO
923,Nelia,Ager,Others,29,ALB
924,Mauricio,Skures,Male,62,ARG
925,Hyacinthie,Bosse,Female,18,TMP
926,Etta,Nutton,Female,60,TMP
927,Flo,Bog,Female,57,FRO
928,Jessey,Poynter,Male,27,ZWE
929,Dyna,Dommersen,Female,70,IND
930,Grazia,Yurchishin,Female,32,BRB
931,Allin,Cobbe,Male,46,KAZ
932,Tanya,Tear,Female,54,LCA
933,Reece,McTerlagh,Male,42,LBN
934,Gerrilee,Hannaby,Female,47,CAF
935,Janette,Faulconbridge,Female,47,BLR
936,Ralf,Coyne,Male,55,PER
937,Julee,Dummett,Female,25,PAK
938,Amber,Furlow,Female,30,EGY
939,Kendell,Schwandner,Male,70,AUT
940,Yance,Moran,Male,61,KEN
941,Amy,Mazin,Female,43,VNM
942,Ruddie,Pigney,Male,52,CRI
943,Hamilton,Audenis,Male,26,ESP
944,Idette,Ungerechts,Female,71,CN
945,Wallas,Belfield,Others,36,MEX
946,Tiphany,Bernet,Female,22,PRI
947,Sherwood,MacArthur,Male,31,KEN
948,Padgett,Edess,Male,30,MMR
949,Winni,Alibone,Female,49,BRB
950,Marmaduke,Brine,Male,66,CZE
